Title           , Frequency, Band Start, Band End, Mode, AGC Speed, Frequency Step, bandwdth
All Bands       , 198000, 0, 30000000, AM, VERY SLOW, 1kHz, Normal
MW Broadcast    , 1413000, 531000, 1602000, AM, VERY SLOW, 9kHz, Normal
LW Broadcast    , 198000, 153000, 279000, AM, VERY SLOW, 1kHz, Normal
SW 120m         , 2300000, 2300000, 2495000, AM, VERY SLOW, 1kHz, Normal
SW 90m          , 3200000, 3200000, 3400000, AM, VERY SLOW, 1kHz, Normal
SW 75m          , 3900000, 3900000, 4000000, AM, VERY SLOW, 1kHz, Normal
SW 60m          , 4750000, 4750000, 4995000, AM, VERY SLOW, 1kHz, Normal
SW 49m          , 5900000, 5900000, 6200000, AM, VERY SLOW, 1kHz, Normal
SW 41m          , 7200000, 7200000, 7450000, AM, VERY SLOW, 1kHz, Normal
SW 31m          , 9400000, 9400000, 9900000, AM, VERY SLOW, 1kHz, Normal
SW 25m          , 11600000, 11600000, 12100000, AM, VERY SLOW, 1kHz, Normal
SW 22m          , 13570000, 13570000, 13870000, AM, VERY SLOW, 1kHz, Normal
SW 19m          , 15100000, 15100000, 15800000, AM, VERY SLOW, 1kHz, Normal
SW 16m          , 17480000, 17480000, 17900000, AM, VERY SLOW, 1kHz, Normal
SW 15m          , 18900000, 18900000, 19020000, AM, VERY SLOW, 1kHz, Normal
SW 13m          , 21450000, 21450000, 21850000, AM, VERY SLOW, 1kHz, Normal
SW 11m          , 25670000, 25670000, 26100000, AM, VERY SLOW, 1kHz, Normal
10m SSB         , 28500000, 28300000, 29000000, USB, SLOW, 100Hz, Normal
12m SSB         , 24931000, 24931000, 24990000, USB, SLOW, 100Hz, Normal
15m SSB         , 21151000, 21151000, 21450000, USB, SLOW, 100Hz, Normal
17m SSB         , 18111000, 18111000, 18168000, USB, SLOW, 100Hz, Normal
20m SSB         , 14101000, 14101000, 14350000, USB, SLOW, 100Hz, Normal
40m SSB         , 7173000, 7060000, 7200000, LSB, SLOW, 100Hz, Normal
60m SSB a      , 5278500, 5276000, 5281000, USB, SLOW, 100Hz, Normal
60m SSB b      , 5298500, 5298000, 5304300, USB, SLOW, 100Hz, Normal
60m SSB c      , 5320000, 5313000, 5320300, USB, SLOW, 100Hz, Normal
60m SSB d      , 5335000, 5333000, 5336000, USB, SLOW, 100Hz, Normal
60m SSB e      , 5354000, 5354000, 5356500, USB, SLOW, 100Hz, Normal
60m SSB f      , 5363000, 5362000, 5372000, USB, SLOW, 100Hz, Normal
60m SSB g      , 5379000, 5378000, 5379500, USB, SLOW, 100Hz, Normal
60m SSB h      , 5395000, 5395000, 5398000, USB, SLOW, 100Hz, Normal
60m SSB i      , 5403500, 5403500, 5404000, USB, SLOW, 100Hz, Normal
80m SSB         , 3722000, 3620000, 3800000, LSB, SLOW, 100Hz, Normal
160m SSB        , 1843000, 1843000, 2000000, LSB, SLOW, 100Hz, Normal
10m CW          , 28000000, 28000000, 28070000, CW, SLOW, 10Hz, Normal
12m CW          , 24890000, 24890000, 24915000, CW, SLOW, 10Hz, Normal
15m CW          , 21000000, 21000000, 21070000, CW, SLOW, 10Hz, Normal
17m CW          , 18068000, 18068000, 18095000, CW, SLOW, 10Hz, Normal
20m CW          , 14000000, 14000000, 14099000, CW, SLOW, 10Hz, Normal
30m CW          , 10100000, 10100000, 10130000, CW, SLOW, 10Hz, Normal
40m CW          , 7028000, 7000000, 7060000, CW, SLOW, 10Hz, Normal
60m CW a        , 5262000, 5258500, 5264000, CW, SLOW, 10Hz, Normal
60m CW b        , 5351500, 5351500, 5354000, CW, SLOW, 10Hz, Normal
80m CW          , 3500000, 3500000, 3620000, CW, SLOW, 10Hz, Normal
160m CW         , 1810000, 1810000, 1843000, CW, SLOW, 10Hz, Normal
20m SSTV        , 14230000, 14101000, 14350000, USB, SLOW, 100Hz, Normal
40m SSTV        , 7033000, 7060000, 7200000, LSB, SLOW, 100Hz, Normal
80m SSTV        , 3845000, 3620000, 3800000, LSB, SLOW, 100Hz, Normal
10m PSK         , 28120000, 28070000, 28190000, USB, SLOW, 100Hz, Normal
12m PSK         , 24920000, 24195000, 24929000, USB, SLOW, 100Hz, Normal
15m PSK         , 21080000, 21070000, 21149000, USB, SLOW, 100Hz, Normal
17m PSK         , 18097000, 18095000, 18109000, USB, SLOW, 100Hz, Normal
20m PSK         , 14070000, 14070000, 14099000, USB, SLOW, 100Hz, Normal
30m PSK         , 10141000, 10130000, 10150000, USB, SLOW, 100Hz, Normal
40m PSK         , 7040000, 7000000, 7060000, USB, SLOW, 100Hz, Normal
80m PSK         , 3580000, 3500000, 3620000, USB, SLOW, 100Hz, Normal
160m PSK        , 1830000, 1810000, 1843000, USB, SLOW, 100Hz, Normal
10m FT8         , 28074000, 28070000, 28190000, USB, SLOW, 100Hz, Normal
12m FT8         , 24915000, 24195000, 24929000, USB, SLOW, 100Hz, Normal
15m FT8         , 21074000, 21070000, 21149000, USB, SLOW, 100Hz, Normal
17m FT8         , 18100000, 18095000, 18109000, USB, SLOW, 100Hz, Normal
20m FT8         , 14074000, 14070000, 14099000, USB, SLOW, 100Hz, Normal
30m FT8         , 10136000, 10130000, 10150000, USB, SLOW, 100Hz, Normal
40m FT8         , 7074000, 7040000, 7060000, USB, SLOW, 100Hz, Normal
80m FT8         , 3573000, 3570000, 3600000, USB, SLOW, 100Hz, Normal
160m FT8        , 1840000, 1810000, 1843000, USB, SLOW, 100Hz, Normal
10m FT4         , 28180000, 28070000, 28190000, USB, SLOW, 100Hz, Normal
12m FT4         , 24919000, 24195000, 24929000, USB, SLOW, 100Hz, Normal
15m FT4         , 21140000, 21070000, 21149000, USB, SLOW, 100Hz, Normal
17m FT4         , 18104000, 18095000, 18109000, USB, SLOW, 100Hz, Normal
20m FT4         , 14140000, 14070000, 14099000, USB, SLOW, 100Hz, Normal
30m FT4         , 10140000, 10130000, 10150000, USB, SLOW, 100Hz, Normal
40m FT4         , 7090000, 7040000, 7060000, USB, SLOW, 100Hz, Normal
80m FT4         , 3595000, 3570000, 3600000, USB, SLOW, 100Hz, Normal
10m WSPR        , 28124600, 28070000, 28190000, USB, SLOW, 100Hz, Normal
12m WSPR        , 24924600, 24195000, 24929000, USB, SLOW, 100Hz, Normal
15m WSPR        , 21094600, 21070000, 21149000, USB, SLOW, 100Hz, Normal
17m WSPR        , 18104600, 18095000, 18109000, USB, SLOW, 100Hz, Normal
20m WSPR        , 14095600, 14070000, 14099000, USB, SLOW, 100Hz, Normal
30m WSPR        , 10138700, 10130000, 10150000, USB, SLOW, 100Hz, Normal
40m WSPR        , 7038600, 7040000, 7060000, USB, SLOW, 100Hz, Normal
80m WSPR        , 3568600, 3570000, 3600000, USB, SLOW, 100Hz, Normal
160m WSPR       , 1836600, 1810000, 1843000, USB, SLOW, 100Hz, Normal
10m RTTY        , 28080000, 28070000, 28190000, USB, SLOW, 100Hz, Normal
12m RTTY        , 24925000, 24195000, 24929000, USB, SLOW, 100Hz, Normal
15m RTTY        , 21080000, 21070000, 21149000, USB, SLOW, 100Hz, Normal
17m RTTY        , 18106000, 18095000, 18109000, USB, SLOW, 100Hz, Normal
20m RTTY        , 14083000, 14070000, 14099000, USB, SLOW, 100Hz, Normal
30m RTTY        , 10143000, 10130000, 10150000, USB, SLOW, 100Hz, Normal
40m RTTY        , 7043000, 7040000, 7060000, USB, SLOW, 100Hz, Normal
80m RTTY        , 3590000, 3570000, 3600000, USB, SLOW, 100Hz, Normal
15m FreeDV      , 21236000, 21070000, 21149000, USB, SLOW, 10Hz, Normal
17m FreeDV      , 18118000, 18095000, 18109000, USB, SLOW, 10Hz, Normal
20m FreeDV     , 14236000, 14070000, 14350000, USB, SLOW, 10Hz, Normal
30m FreeDV     , 10147000, 10130000, 10150000, USB, SLOW, 10Hz, Normal
40m FreeDV     , 7177000, 7040000, 7200000, LSB, SLOW, 10Hz, Normal
60m FreeDV     , 5368500, 5362000, 5371000, LSB, SLOW, 10Hz, Normal
80m FreeDV     , 3625000, 3570000, 3800000, LSB, SLOW, 10Hz, Normal
GFA WEAFAX 1    , 2616600, 2616600, 2616600, USB, SLOW, 100Hz, Normal
GFA WEAFAX 2    , 4608100, 4608100, 4608100, USB, SLOW, 100Hz, Normal
GFA WEAFAX 3    , 8038100, 8038100, 8038100, USB, SLOW, 100Hz, Normal
GFA WEAFAX 4    , 14434100, 14434100, 14434100, USB, SLOW, 100Hz, Normal
GFA WEAFAX 5    , 18259100, 18259100, 18259100, USB, SLOW, 100Hz, Normal
RAF VOLMET      , 5450000, 5480000, 5730000, USB, SLOW, 10Hz, Normal
V O America 8   , 15770000, 153000, 30000000, AM, VERY SLOW, 100Hz, Normal
V O America 9   , 15770000, 153000, 30000000, USB, VERY SLOW, 10Hz, Normal
BLANK           , 0, 0, 30000000, AM, VERY SLOW, 1kHz, Normal
BLANK           , 0, 0, 30000000, AM, VERY SLOW, 1kHz, Normal
BLANK           , 0, 0, 30000000, AM, VERY SLOW, 1kHz, Normal
BLANK           , 0, 0, 30000000, AM, VERY SLOW, 1kHz, Normal
BLANK           , 0, 0, 30000000, AM, VERY SLOW, 1kHz, Normal
BLANK           , 0, 0, 30000000, AM, VERY SLOW, 1kHz, Normal
BLANK           , 0, 0, 30000000, AM, VERY SLOW, 1kHz, Normal
BLANK           , 0, 0, 30000000, AM, VERY SLOW, 1kHz, Normal
BLANK           , 0, 0, 30000000, AM, VERY SLOW, 1kHz, Normal
BLANK           , 0, 0, 30000000, AM, VERY SLOW, 1kHz, Normal
BLANK           , 0, 0, 30000000, AM, VERY SLOW, 1kHz, Normal
BLANK           , 0, 0, 30000000, AM, VERY SLOW, 1kHz, Normal
BLANK           , 0, 0, 30000000, AM, VERY SLOW, 1kHz, Normal
BLANK           , 0, 0, 30000000, AM, VERY SLOW, 1kHz, Normal
BLANK           , 0, 0, 30000000, AM, VERY SLOW, 1kHz, Normal
BLANK           , 0, 0, 30000000, AM, VERY SLOW, 1kHz, Normal
BLANK           , 0, 0, 30000000, AM, VERY SLOW, 1kHz, Normal
BLANK           , 0, 0, 30000000, AM, VERY SLOW, 1kHz, Normal
BLANK           , 0, 0, 30000000, AM, VERY SLOW, 1kHz, Normal
BLANK           , 0, 0, 30000000, AM, VERY SLOW, 1kHz, Normal
BLANK           , 0, 0, 30000000, AM, VERY SLOW, 1kHz, Normal
BLANK           , 0, 0, 30000000, AM, VERY SLOW, 1kHz, Normal
BLANK           , 0, 0, 30000000, AM, VERY SLOW, 1kHz, Normal
BLANK           , 0, 0, 30000000, AM, VERY SLOW, 1kHz, Normal
BLANK           , 0, 0, 30000000, AM, VERY SLOW, 1kHz, Normal
BLANK           , 0, 0, 30000000, AM, VERY SLOW, 1kHz, Normal
BLANK           , 0, 0, 30000000, AM, VERY SLOW, 1kHz, Normal
BLANK           , 0, 0, 30000000, AM, VERY SLOW, 1kHz, Normal
BLANK           , 0, 0, 30000000, AM, VERY SLOW, 1kHz, Normal
BLANK           , 0, 0, 30000000, AM, VERY SLOW, 1kHz, Normal
BLANK           , 0, 0, 30000000, AM, VERY SLOW, 1kHz, Normal
BLANK           , 0, 0, 30000000, AM, VERY SLOW, 1kHz, Normal
BLANK           , 0, 0, 30000000, AM, VERY SLOW, 1kHz, Normal
BLANK           , 0, 0, 30000000, AM, VERY SLOW, 1kHz, Normal
BLANK           , 0, 0, 30000000, AM, VERY SLOW, 1kHz, Normal
BLANK           , 0, 0, 30000000, AM, VERY SLOW, 1kHz, Normal
BLANK           , 0, 0, 30000000, AM, VERY SLOW, 1kHz, Normal
BLANK           , 0, 0, 30000000, AM, VERY SLOW, 1kHz, Normal
BLANK           , 0, 0, 30000000, AM, VERY SLOW, 1kHz, Normal
BLANK           , 0, 0, 30000000, AM, VERY SLOW, 1kHz, Normal
BLANK           , 0, 0, 30000000, AM, VERY SLOW, 1kHz, Normal
BLANK           , 0, 0, 30000000, AM, VERY SLOW, 1kHz, Normal
BLANK           , 0, 0, 30000000, AM, VERY SLOW, 1kHz, Normal
BLANK           , 0, 0, 30000000, AM, VERY SLOW, 1kHz, Normal
BLANK           , 0, 0, 30000000, AM, VERY SLOW, 1kHz, Normal
BLANK           , 0, 0, 30000000, AM, VERY SLOW, 1kHz, Normal
BLANK           , 0, 0, 30000000, AM, VERY SLOW, 1kHz, Normal
BLANK           , 0, 0, 30000000, AM, VERY SLOW, 1kHz, Normal
BLANK           , 0, 0, 30000000, AM, VERY SLOW, 1kHz, Normal
BLANK           , 0, 0, 30000000, AM, VERY SLOW, 1kHz, Normal
BLANK           , 0, 0, 30000000, AM, VERY SLOW, 1kHz, Normal
BLANK           , 0, 0, 30000000, AM, VERY SLOW, 1kHz, Normal
BLANK           , 0, 0, 30000000, AM, VERY SLOW, 1kHz, Normal
BLANK           , 0, 0, 30000000, AM, VERY SLOW, 1kHz, Normal
BLANK           , 0, 0, 30000000, AM, VERY SLOW, 1kHz, Normal
BLANK           , 0, 0, 30000000, AM, VERY SLOW, 1kHz, Normal
BLANK           , 0, 0, 30000000, AM, VERY SLOW, 1kHz, Normal
BLANK           , 0, 0, 30000000, AM, VERY SLOW, 1kHz, Normal
BLANK           , 0, 0, 30000000, AM, VERY SLOW, 1kHz, Normal
BLANK           , 0, 0, 30000000, AM, VERY SLOW, 1kHz, Normal
BLANK           , 0, 0, 30000000, AM, VERY SLOW, 1kHz, Normal
BLANK           , 0, 0, 30000000, AM, VERY SLOW, 1kHz, Normal
BLANK           , 0, 0, 30000000, AM, VERY SLOW, 1kHz, Normal
BLANK           , 0, 0, 30000000, AM, VERY SLOW, 1kHz, Normal
BLANK           , 0, 0, 30000000, AM, VERY SLOW, 1kHz, Normal
BLANK           , 0, 0, 30000000, AM, VERY SLOW, 1kHz, Normal
BLANK           , 0, 0, 30000000, AM, VERY SLOW, 1kHz, Normal
BLANK           , 0, 0, 30000000, AM, VERY SLOW, 1kHz, Normal
BLANK           , 0, 0, 30000000, AM, VERY SLOW, 1kHz, Normal
BLANK           , 0, 0, 30000000, AM, VERY SLOW, 1kHz, Normal
BLANK           , 0, 0, 30000000, AM, VERY SLOW, 1kHz, Normal
BLANK           , 0, 0, 30000000, AM, VERY SLOW, 1kHz, Normal
BLANK           , 0, 0, 30000000, AM, VERY SLOW, 1kHz, Normal
BLANK           , 0, 0, 30000000, AM, VERY SLOW, 1kHz, Normal
BLANK           , 0, 0, 30000000, AM, VERY SLOW, 1kHz, Normal
BLANK           , 0, 0, 30000000, AM, VERY SLOW, 1kHz, Normal
BLANK           , 0, 0, 30000000, AM, VERY SLOW, 1kHz, Normal
BLANK           , 0, 0, 30000000, AM, VERY SLOW, 1kHz, Normal
BLANK           , 0, 0, 30000000, AM, VERY SLOW, 1kHz, Normal
BLANK           , 0, 0, 30000000, AM, VERY SLOW, 1kHz, Normal
BLANK           , 0, 0, 30000000, AM, VERY SLOW, 1kHz, Normal
BLANK           , 0, 0, 30000000, AM, VERY SLOW, 1kHz, Normal
BLANK           , 0, 0, 30000000, AM, VERY SLOW, 1kHz, Normal
BLANK           , 0, 0, 30000000, AM, VERY SLOW, 1kHz, Normal
BLANK           , 0, 0, 30000000, AM, VERY SLOW, 1kHz, Normal
BLANK           , 0, 0, 30000000, AM, VERY SLOW, 1kHz, Normal
BLANK           , 0, 0, 30000000, AM, VERY SLOW, 1kHz, Normal
BLANK           , 0, 0, 30000000, AM, VERY SLOW, 1kHz, Normal
BLANK           , 0, 0, 30000000, AM, VERY SLOW, 1kHz, Normal
BLANK           , 0, 0, 30000000, AM, VERY SLOW, 1kHz, Normal
BLANK           , 0, 0, 30000000, AM, VERY SLOW, 1kHz, Normal
BLANK           , 0, 0, 30000000, AM, VERY SLOW, 1kHz, Normal
BLANK           , 0, 0, 30000000, AM, VERY SLOW, 1kHz, Normal
BLANK           , 0, 0, 30000000, AM, VERY SLOW, 1kHz, Normal
BLANK           , 0, 0, 30000000, AM, VERY SLOW, 1kHz, Normal
BLANK           , 0, 0, 30000000, AM, VERY SLOW, 1kHz, Normal
BLANK           , 0, 0, 30000000, AM, VERY SLOW, 1kHz, Normal
BLANK           , 0, 0, 30000000, AM, VERY SLOW, 1kHz, Normal
BLANK           , 0, 0, 30000000, AM, VERY SLOW, 1kHz, Normal
BLANK           , 0, 0, 30000000, AM, VERY SLOW, 1kHz, Normal
BLANK           , 0, 0, 30000000, AM, VERY SLOW, 1kHz, Normal
BLANK           , 0, 0, 30000000, AM, VERY SLOW, 1kHz, Normal
BLANK           , 0, 0, 30000000, AM, VERY SLOW, 1kHz, Normal
BLANK           , 0, 0, 30000000, AM, VERY SLOW, 1kHz, Normal
BLANK           , 0, 0, 30000000, AM, VERY SLOW, 1kHz, Normal
BLANK           , 0, 0, 30000000, AM, VERY SLOW, 1kHz, Normal
BLANK           , 0, 0, 30000000, AM, VERY SLOW, 1kHz, Normal
BLANK           , 0, 0, 30000000, AM, VERY SLOW, 1kHz, Normal
BLANK           , 0, 0, 30000000, AM, VERY SLOW, 1kHz, Normal
BLANK           , 0, 0, 30000000, AM, VERY SLOW, 1kHz, Normal
BLANK           , 0, 0, 30000000, AM, VERY SLOW, 1kHz, Normal
BLANK           , 0, 0, 30000000, AM, VERY SLOW, 1kHz, Normal
BLANK           , 0, 0, 30000000, AM, VERY SLOW, 1kHz, Normal
BLANK           , 0, 0, 30000000, AM, VERY SLOW, 1kHz, Normal
BLANK           , 0, 0, 30000000, AM, VERY SLOW, 1kHz, Normal
BLANK           , 0, 0, 30000000, AM, VERY SLOW, 1kHz, Normal
BLANK           , 0, 0, 30000000, AM, VERY SLOW, 1kHz, Normal
BLANK           , 0, 0, 30000000, AM, VERY SLOW, 1kHz, Normal
BLANK           , 0, 0, 30000000, AM, VERY SLOW, 1kHz, Normal
BLANK           , 0, 0, 30000000, AM, VERY SLOW, 1kHz, Normal
BLANK           , 0, 0, 30000000, AM, VERY SLOW, 1kHz, Normal
BLANK           , 0, 0, 30000000, AM, VERY SLOW, 1kHz, Normal
BLANK           , 0, 0, 30000000, AM, VERY SLOW, 1kHz, Normal
BLANK           , 0, 0, 30000000, AM, VERY SLOW, 1kHz, Normal
BLANK           , 0, 0, 30000000, AM, VERY SLOW, 1kHz, Normal
BLANK           , 0, 0, 30000000, AM, VERY SLOW, 1kHz, Normal
BLANK           , 0, 0, 30000000, AM, VERY SLOW, 1kHz, Normal
BLANK           , 0, 0, 30000000, AM, VERY SLOW, 1kHz, Normal
BLANK           , 0, 0, 30000000, AM, VERY SLOW, 1kHz, Normal
BLANK           , 0, 0, 30000000, AM, VERY SLOW, 1kHz, Normal
BLANK           , 0, 0, 30000000, AM, VERY SLOW, 1kHz, Normal
BLANK           , 0, 0, 30000000, AM, VERY SLOW, 1kHz, Normal
BLANK           , 0, 0, 30000000, AM, VERY SLOW, 1kHz, Normal
BLANK           , 0, 0, 30000000, AM, VERY SLOW, 1kHz, Normal
BLANK           , 0, 0, 30000000, AM, VERY SLOW, 1kHz, Normal
BLANK           , 0, 0, 30000000, AM, VERY SLOW, 1kHz, Normal
BLANK           , 0, 0, 30000000, AM, VERY SLOW, 1kHz, Normal
BLANK           , 0, 0, 30000000, AM, VERY SLOW, 1kHz, Normal
BLANK           , 0, 0, 30000000, AM, VERY SLOW, 1kHz, Normal
BLANK           , 0, 0, 30000000, AM, VERY SLOW, 1kHz, Normal
BLANK           , 0, 0, 30000000, AM, VERY SLOW, 1kHz, Normal
BLANK           , 0, 0, 30000000, AM, VERY SLOW, 1kHz, Normal
BLANK           , 0, 0, 30000000, AM, VERY SLOW, 1kHz, Normal
BLANK           , 0, 0, 30000000, AM, VERY SLOW, 1kHz, Normal
BLANK           , 0, 0, 30000000, AM, VERY SLOW, 1kHz, Normal
BLANK           , 0, 0, 30000000, AM, VERY SLOW, 1kHz, Normal
BLANK           , 0, 0, 30000000, AM, VERY SLOW, 1kHz, Normal
BLANK           , 0, 0, 30000000, AM, VERY SLOW, 1kHz, Normal
BLANK           , 0, 0, 30000000, AM, VERY SLOW, 1kHz, Normal
BLANK           , 0, 0, 30000000, AM, VERY SLOW, 1kHz, Normal
BLANK           , 0, 0, 30000000, AM, VERY SLOW, 1kHz, Normal
BLANK           , 0, 0, 30000000, AM, VERY SLOW, 1kHz, Normal
BLANK           , 0, 0, 30000000, AM, VERY SLOW, 1kHz, Normal
BLANK           , 0, 0, 30000000, AM, VERY SLOW, 1kHz, Normal
BLANK           , 0, 0, 30000000, AM, VERY SLOW, 1kHz, Normal
BLANK           , 0, 0, 30000000, AM, VERY SLOW, 1kHz, Normal
BLANK           , 0, 0, 30000000, AM, VERY SLOW, 1kHz, Normal
BLANK           , 0, 0, 30000000, AM, VERY SLOW, 1kHz, Normal
BLANK           , 0, 0, 30000000, AM, VERY SLOW, 1kHz, Normal
BLANK           , 0, 0, 30000000, AM, VERY SLOW, 1kHz, Normal
BLANK           , 0, 0, 30000000, AM, VERY SLOW, 1kHz, Normal
BLANK           , 0, 0, 30000000, AM, VERY SLOW, 1kHz, Normal
BLANK           , 0, 0, 30000000, AM, VERY SLOW, 1kHz, Normal
BLANK           , 0, 0, 30000000, AM, VERY SLOW, 1kHz, Normal
BLANK           , 0, 0, 30000000, AM, VERY SLOW, 1kHz, Normal
BLANK           , 0, 0, 30000000, AM, VERY SLOW, 1kHz, Normal
BLANK           , 0, 0, 30000000, AM, VERY SLOW, 1kHz, Normal
BLANK           , 0, 0, 30000000, AM, VERY SLOW, 1kHz, Normal
BLANK           , 0, 0, 30000000, AM, VERY SLOW, 1kHz, Normal
BLANK           , 0, 0, 30000000, AM, VERY SLOW, 1kHz, Normal
BLANK           , 0, 0, 30000000, AM, VERY SLOW, 1kHz, Normal
BLANK           , 0, 0, 30000000, AM, VERY SLOW, 1kHz, Normal
BLANK           , 0, 0, 30000000, AM, VERY SLOW, 1kHz, Normal
BLANK           , 0, 0, 30000000, AM, VERY SLOW, 1kHz, Normal
BLANK           , 0, 0, 30000000, AM, VERY SLOW, 1kHz, Normal
BLANK           , 0, 0, 30000000, AM, VERY SLOW, 1kHz, Normal
BLANK           , 0, 0, 30000000, AM, VERY SLOW, 1kHz, Normal
BLANK           , 0, 0, 30000000, AM, VERY SLOW, 1kHz, Normal
BLANK           , 0, 0, 30000000, AM, VERY SLOW, 1kHz, Normal
BLANK           , 0, 0, 30000000, AM, VERY SLOW, 1kHz, Normal
BLANK           , 0, 0, 30000000, AM, VERY SLOW, 1kHz, Normal
BLANK           , 0, 0, 30000000, AM, VERY SLOW, 1kHz, Normal
BLANK           , 0, 0, 30000000, AM, VERY SLOW, 1kHz, Normal
BLANK           , 0, 0, 30000000, AM, VERY SLOW, 1kHz, Normal
BLANK           , 0, 0, 30000000, AM, VERY SLOW, 1kHz, Normal
BLANK           , 0, 0, 30000000, AM, VERY SLOW, 1kHz, Normal
BLANK           , 0, 0, 30000000, AM, VERY SLOW, 1kHz, Normal
BLANK           , 0, 0, 30000000, AM, VERY SLOW, 1kHz, Normal
BLANK           , 0, 0, 30000000, AM, VERY SLOW, 1kHz, Normal
BLANK           , 0, 0, 30000000, AM, VERY SLOW, 1kHz, Normal
BLANK           , 0, 0, 30000000, AM, VERY SLOW, 1kHz, Normal
BLANK           , 0, 0, 30000000, AM, VERY SLOW, 1kHz, Normal
BLANK           , 0, 0, 30000000, AM, VERY SLOW, 1kHz, Normal
BLANK           , 0, 0, 30000000, AM, VERY SLOW, 1kHz, Normal
BLANK           , 0, 0, 30000000, AM, VERY SLOW, 1kHz, Normal
BLANK           , 0, 0, 30000000, AM, VERY SLOW, 1kHz, Normal
BLANK           , 0, 0, 30000000, AM, VERY SLOW, 1kHz, Normal
BLANK           , 0, 0, 30000000, AM, VERY SLOW, 1kHz, Normal
BLANK           , 0, 0, 30000000, AM, VERY SLOW, 1kHz, Normal
BLANK           , 0, 0, 30000000, AM, VERY SLOW, 1kHz, Normal
BLANK           , 0, 0, 30000000, AM, VERY SLOW, 1kHz, Normal
BLANK           , 0, 0, 30000000, AM, VERY SLOW, 1kHz, Normal
BLANK           , 0, 0, 30000000, AM, VERY SLOW, 1kHz, Normal
BLANK           , 0, 0, 30000000, AM, VERY SLOW, 1kHz, Normal
BLANK           , 0, 0, 30000000, AM, VERY SLOW, 1kHz, Normal
BLANK           , 0, 0, 30000000, AM, VERY SLOW, 1kHz, Normal
BLANK           , 0, 0, 30000000, AM, VERY SLOW, 1kHz, Normal
BLANK           , 0, 0, 30000000, AM, VERY SLOW, 1kHz, Normal
BLANK           , 0, 0, 30000000, AM, VERY SLOW, 1kHz, Normal
BLANK           , 0, 0, 30000000, AM, VERY SLOW, 1kHz, Normal
BLANK           , 0, 0, 30000000, AM, VERY SLOW, 1kHz, Normal
BLANK           , 0, 0, 30000000, AM, VERY SLOW, 1kHz, Normal
BLANK           , 0, 0, 30000000, AM, VERY SLOW, 1kHz, Normal
BLANK           , 0, 0, 30000000, AM, VERY SLOW, 1kHz, Normal
BLANK           , 0, 0, 30000000, AM, VERY SLOW, 1kHz, Normal
BLANK           , 0, 0, 30000000, AM, VERY SLOW, 1kHz, Normal
BLANK           , 0, 0, 30000000, AM, VERY SLOW, 1kHz, Normal
BLANK           , 0, 0, 30000000, AM, VERY SLOW, 1kHz, Normal
BLANK           , 0, 0, 30000000, AM, VERY SLOW, 1kHz, Normal
BLANK           , 0, 0, 30000000, AM, VERY SLOW, 1kHz, Normal
BLANK           , 0, 0, 30000000, AM, VERY SLOW, 1kHz, Normal
BLANK           , 0, 0, 30000000, AM, VERY SLOW, 1kHz, Normal
BLANK           , 0, 0, 30000000, AM, VERY SLOW, 1kHz, Normal
BLANK           , 0, 0, 30000000, AM, VERY SLOW, 1kHz, Normal
BLANK           , 0, 0, 30000000, AM, VERY SLOW, 1kHz, Normal
BLANK           , 0, 0, 30000000, AM, VERY SLOW, 1kHz, Normal
BLANK           , 0, 0, 30000000, AM, VERY SLOW, 1kHz, Normal
BLANK           , 0, 0, 30000000, AM, VERY SLOW, 1kHz, Normal
BLANK           , 0, 0, 30000000, AM, VERY SLOW, 1kHz, Normal
BLANK           , 0, 0, 30000000, AM, VERY SLOW, 1kHz, Normal
BLANK           , 0, 0, 30000000, AM, VERY SLOW, 1kHz, Normal
BLANK           , 0, 0, 30000000, AM, VERY SLOW, 1kHz, Normal
BLANK           , 0, 0, 30000000, AM, VERY SLOW, 1kHz, Normal
BLANK           , 0, 0, 30000000, AM, VERY SLOW, 1kHz, Normal
BLANK           , 0, 0, 30000000, AM, VERY SLOW, 1kHz, Normal
BLANK           , 0, 0, 30000000, AM, VERY SLOW, 1kHz, Normal
BLANK           , 0, 0, 30000000, AM, VERY SLOW, 1kHz, Normal
BLANK           , 0, 0, 30000000, AM, VERY SLOW, 1kHz, Normal
BLANK           , 0, 0, 30000000, AM, VERY SLOW, 1kHz, Normal
